{
  "selected_model": "random_forest",
  "models": {
    "logistic_regression": {
      "accuracy": 0.827544548474781,
      "precision": 0.7278056951423786,
      "recall": 0.7793721973094171,
      "f1": 0.7527067994802945,
      "roc_auc": 0.9013007751558071,
      "confusion_matrix": [
        [
          1871,
          325
        ],
        [
          246,
          869
        ]
      ],
      "classification_report": {
        "healthy": {
          "precision": 0.8837978271138404,
          "recall": 0.8520036429872495,
          "f1-score": 0.8676095525156503,
          "support": 2196.0
        },
        "dysarthria": {
          "precision": 0.7278056951423786,
          "recall": 0.7793721973094171,
          "f1-score": 0.7527067994802945,
          "support": 1115.0
        },
        "accuracy": 0.827544548474781,
        "macro avg": {
          "precision": 0.8058017611281094,
          "recall": 0.8156879201483334,
          "f1-score": 0.8101581759979724,
          "support": 3311.0
        },
        "weighted avg": {
          "precision": 0.8312664990715027,
          "recall": 0.827544548474781,
          "f1-score": 0.828915330336725,
          "support": 3311.0
        }
      }
    },
    "random_forest": {
      "accuracy": 0.959226819691936,
      "precision": 0.9757281553398058,
      "recall": 0.9013452914798207,
      "f1": 0.9370629370629371,
      "roc_auc": 0.9934695777892132,
      "confusion_matrix": [
        [
          2171,
          25
        ],
        [
          110,
          1005
        ]
      ],
      "classification_report": {
        "healthy": {
          "precision": 0.9517755370451556,
          "recall": 0.988615664845173,
          "f1-score": 0.969845878936788,
          "support": 2196.0
        },
        "dysarthria": {
          "precision": 0.9757281553398058,
          "recall": 0.9013452914798207,
          "f1-score": 0.9370629370629371,
          "support": 1115.0
        },
        "accuracy": 0.959226819691936,
        "macro avg": {
          "precision": 0.9637518461924808,
          "recall": 0.9449804781624969,
          "f1-score": 0.9534544079998626,
          "support": 3311.0
        },
        "weighted avg": {
          "precision": 0.9598417313666703,
          "recall": 0.959226819691936,
          "f1-score": 0.9588060178104383,
          "support": 3311.0
        }
      }
    }
  }
}